feature_name,feature_band,feature_min,feature_max,count,mse,mae,baseline_mse,baseline_mae,mae_delta_vs_baseline,direction_accuracy,baseline_direction_accuracy,direction_accuracy_delta_vs_baseline,pred_up_ratio,true_up_ratio,up_recall,down_recall,pred_mean,true_mean,pred_std,true_std,correlation,baseline_correlation,mean_abs_error_improvement_vs_baseline
h1_close_return_1_31,"(-0.00458, -0.000521]",-0.0035829798772103,-0.0005217559341686,99,0.056376077234745026,0.18465764820575714,0.053674712777137756,0.1667497158050537,-0.01790793240070343,0.47474747474747475,0.5555555555555556,-0.08080808080808083,0.8585858585858586,0.5555555555555556,0.8,0.06818181818181818,0.08359207957983017,0.045232318341732025,0.06685002893209457,0.22856774926185608,0.059147783763434006,0.0,-0.017907945672050115
h1_close_return_1_31,"(-0.000521, 7.72e-05]",-0.0005200834670539,7.678230935592723e-05,98,0.05334562063217163,0.17866933345794678,0.04720861464738846,0.16760806739330292,-0.01106126606464386,0.5306122448979592,0.5,0.030612244897959218,0.8469387755102041,0.5,0.8775510204081632,0.1836734693877551,0.060421038419008255,-0.002653059083968401,0.05758584663271904,0.21704289317131042,0.0422635436052201,0.0,-0.011061299440203873
h1_close_return_1_31,"(7.72e-05, 0.000655]",7.768699908061727e-05,0.0006453210961332,98,0.04089618846774101,0.15766282379627228,0.03563741222023964,0.14448018372058868,-0.013182640075683594,0.5204081632653061,0.6122448979591837,-0.09183673469387754,0.7653061224489796,0.6122448979591837,0.7333333333333333,0.18421052631578946,0.0614129975438118,0.02886734902858734,0.06199284642934799,0.18755382299423218,-0.03515142592188709,0.0,-0.0131826161463954
h1_close_return_1_31,"(0.000655, 0.00722]",0.0006585897051343,0.0072205660304309,99,0.06549318134784698,0.20143355429172516,0.06067595258355141,0.19556406140327454,-0.0058694928884506226,0.5353535353535354,0.5656565656565656,-0.030303030303030276,0.7676767676767676,0.5656565656565656,0.7678571428571429,0.23255813953488372,0.04652954265475273,0.02758585847914219,0.06531080603599548,0.24549615383148193,-0.01872509126550821,0.0,-0.005869537319122541
h1_current_hour_cos,"(-1.001, -0.707]",-1.0,-0.7071067690849304,113,0.050020650029182434,0.17522887885570526,0.0493616946041584,0.17492257058620453,-0.0003063082695007324,0.5486725663716814,0.5929203539823009,-0.04424778761061954,0.8495575221238938,0.5929203539823009,0.835820895522388,0.13043478260869565,0.06255191564559937,0.034407079219818115,0.059939876198768616,0.22052699327468872,0.11334324736389438,0.0,-0.0003063031678310482
h1_current_hour_cos,"(-0.707, 6.12e-17]",-0.5,6.123234262925839e-17,94,0.052472230046987534,0.17098845541477203,0.05416835471987724,0.16337889432907104,-0.007609561085700989,0.4787234042553192,0.5425531914893617,-0.06382978723404248,0.723404255319149,0.5425531914893617,0.6862745098039216,0.23255813953488372,0.04911026731133461,0.039957445114851,0.06498828530311584,0.23045213520526886,0.16502996534836725,0.0,-0.007609544715725202
h1_current_hour_cos,"(6.12e-17, 0.707]",0.258819043636322,0.7071067690849304,102,0.038814038038253784,0.1559303104877472,0.02959420718252659,0.13563378155231476,-0.020296528935432434,0.5294117647058824,0.5980392156862745,-0.06862745098039214,0.8529411764705882,0.5980392156862745,0.819672131147541,0.0975609756097561,0.07589329779148102,0.03408823534846306,0.06300035864114761,0.16994641721248627,-0.19686492202249567,0.0,-0.020296521539635515
h1_current_hour_cos,"(0.707, 1.0]",0.8660253882408142,1.0,85,0.07949411123991013,0.22829307615756989,0.06766258925199509,0.2058258056640625,-0.022467270493507385,0.49411764705882355,0.4823529411764706,0.011764705882352955,0.8,0.4823529411764706,0.8048780487804879,0.20454545454545456,0.06348150968551636,-0.015800002962350845,0.06800348311662674,0.25908392667770386,-0.04142149191458195,0.0,-0.022467292768552014
h1_current_hour_sin,"(-1.001, -0.707]",-1.0,-0.7071067690849304,119,0.05910588055849075,0.18773262202739716,0.059488214552402496,0.1823081076145172,-0.005424514412879944,0.48739495798319327,0.5966386554621849,-0.1092436974789916,0.7563025210084033,0.5966386554621849,0.704225352112676,0.16666666666666666,0.05063224956393242,0.0676470547914505,0.06369199603796005,0.23634330928325653,0.03648565575369609,0.0,-0.005424563553841675
h1_current_hour_sin,"(-0.707, 0.0]",-0.5,0.0,83,0.06444671005010605,0.1970904916524887,0.0651836171746254,0.20446333289146423,0.007372841238975525,0.5903614457831325,0.6265060240963856,-0.03614457831325302,0.7710843373493976,0.6265060240963856,0.7884615384615384,0.25806451612903225,0.051629744470119476,0.05201205238699913,0.061860520392656326,0.25138241052627563,0.08273864859931279,0.0,0.007372839208019072
h1_current_hour_sin,"(0.0, 0.707]",1.2246468525851679e-16,0.7071067690849304,115,0.05908993259072304,0.19296468794345856,0.04971969500184059,0.17382444441318512,-0.019140243530273438,0.5217391304347826,0.5217391304347826,0.0,0.8782608695652174,0.5217391304347826,0.8833333333333333,0.12727272727272726,0.07835382223129272,-0.007756521459668875,0.06205276399850845,0.22246362268924713,0.06033051174148238,0.0,-0.019140284273611453
h1_current_hour_sin,"(0.707, 1.0]",0.8660253882408142,1.0,77,0.027567971497774124,0.1336875706911087,0.016006803140044212,0.10128284245729446,-0.03240472823381424,0.4675324675324675,0.4805194805194805,-0.012987012987012991,0.8311688311688312,0.4805194805194805,0.8108108108108109,0.15,0.07143610715866089,-0.022038958966732025,0.065599225461483,0.12304601818323135,0.03798449498515247,0.0,-0.03240473303254452
h1_current_weekday_cos,"(-0.902, -0.223]",-0.900968849658966,-0.2225209325551986,277,0.051888007670640945,0.18071919679641724,0.04458123818039894,0.16465996205806732,-0.016059234738349915,0.49458483754512633,0.5234657039711191,-0.0288808664259928,0.8339350180505415,0.5234657039711191,0.8137931034482758,0.14393939393939395,0.06727451831102371,0.010660650208592415,0.06068176403641701,0.2111174613237381,-0.016783174128469025,0.0,-0.016059243953232032
h1_current_weekday_cos,"(-0.223, 0.623]",0.6234897971153259,0.6234897971153259,72,0.05732113867998123,0.1746935099363327,0.05620087683200836,0.16471733152866364,-0.009976178407669067,0.5277777777777778,0.6111111111111112,-0.08333333333333337,0.7222222222222222,0.6111111111111112,0.7045454545454546,0.25,0.04549117758870125,0.04758332669734955,0.06969089061021805,0.23363633453845978,0.0652853862484036,0.0,-0.009976186530871518
h1_current_weekday_cos,"(0.623, 1.0]",1.0,1.0,45,0.0622367262840271,0.1899205893278122,0.06764804571866989,0.19962777197360992,0.00970718264579773,0.6222222222222222,0.6888888888888889,-0.06666666666666665,0.8,0.6888888888888889,0.8064516129032258,0.21428571428571427,0.06469710171222687,0.07553333044052124,0.07289319485425949,0.2510089576244354,0.16941712625578464,0.0,0.009707143592337769
h1_current_weekday_sin,"(-0.976, -0.434]",-0.9749279022216796,-0.4338837265968323,124,0.04738892614841461,0.17326116561889648,0.04129602387547493,0.1635742485523224,-0.009686917066574097,0.5483870967741935,0.5161290322580645,0.032258064516129004,0.9193548387096774,0.5161290322580645,0.953125,0.11666666666666667,0.07652555406093597,-0.0051774196326732635,0.0554182231426239,0.20282481610774994,0.1554925785443095,0.0,-0.009686945665312259
h1_current_weekday_sin,"(-0.434, 0.434]",0.0,0.4338837265968323,126,0.05702228099107742,0.18593642115592957,0.05549214780330658,0.18324816226959229,-0.0026882588863372803,0.5079365079365079,0.6111111111111112,-0.10317460317460325,0.753968253968254,0.6111111111111112,0.7142857142857143,0.1836734693877551,0.05449265241622925,0.040492065250873566,0.06611722707748413,0.23323136568069458,0.06297068323045453,0.0,-0.0026882868260145213
h1_current_weekday_sin,"(0.434, 0.782]",0.7818315029144287,0.7818315029144287,72,0.05732113867998123,0.1746935099363327,0.05620087683200836,0.16471733152866364,-0.009976178407669067,0.5277777777777778,0.6111111111111112,-0.08333333333333337,0.7222222222222222,0.6111111111111112,0.7045454545454546,0.25,0.04549117758870125,0.04758332669734955,0.06969089061021805,0.23363633453845978,0.0652853862484036,0.0,-0.009976186530871518
h1_current_weekday_sin,"(0.782, 0.975]",0.9749279022216796,0.9749279022216796,72,0.05711941048502922,0.1901843249797821,0.045561764389276505,0.15585538744926453,-0.03432893753051758,0.4583333333333333,0.4861111111111111,-0.02777777777777779,0.8055555555555556,0.4861111111111111,0.7714285714285715,0.16216216216216217,0.07209954410791397,0.026277778670191765,0.06399717926979065,0.21261534094810486,-0.21014714961443554,0.0,-0.034328940427965596
h1_ma_gap_sma20_31,"(-1.0259999999999998, -0.0886]",-1.0251499999999965,-0.0888499999999794,99,0.04510871320962906,0.1667889505624771,0.046066317707300186,0.16542913019657135,-0.0013598203659057617,0.5353535353535354,0.6767676767676768,-0.14141414141414144,0.7777777777777778,0.6767676767676768,0.7313432835820896,0.125,0.05242401733994484,0.06262625753879547,0.057719677686691284,0.20740310847759247,0.056092180881878166,0.0,-0.0013597933928284657
h1_ma_gap_sma20_31,"(-0.0886, 0.107]",-0.0878999999999905,0.1067999999999926,98,0.04507462680339813,0.1755998730659485,0.037892092019319534,0.15612874925136566,-0.019471123814582825,0.45918367346938777,0.5408163265306123,-0.08163265306122452,0.7755102040816326,0.5408163265306123,0.7169811320754716,0.15555555555555556,0.05713079869747162,0.035030607134103775,0.06522420048713684,0.1926875114440918,-0.12744914676782249,0.0,-0.019471130809005418
h1_ma_gap_sma20_31,"(0.107, 0.281]",0.1075000000000159,0.2809000000000026,98,0.060011401772499084,0.1763520985841751,0.0581495501101017,0.1717124879360199,-0.004639610648155212,0.5918367346938775,0.5408163265306123,0.05102040816326525,0.8061224489795918,0.5408163265306123,0.8679245283018868,0.26666666666666666,0.06205336004495621,0.014663263224065304,0.06330917030572891,0.241032674908638,0.14218041336177667,0.0,-0.004639626917790386
h1_ma_gap_sma20_31,"(0.281, 1.286]",0.2811000000000092,1.286249999999967,99,0.06602586805820465,0.2038401961326599,0.055222030729055405,0.18129070103168488,-0.022549495100975037,0.47474747474747475,0.47474747474747475,0.0,0.8787878787878788,0.47474747474747475,0.8723404255319149,0.11538461538461539,0.08032071590423584,-0.01305050402879715,0.06759101152420044,0.23410236835479736,0.06524561555196118,0.0,-0.02254950242926075
h1_ma_gap_sma50_31,"(-1.051, -0.0898]",-1.0503599999999835,-0.0912600000000054,99,0.057619042694568634,0.19432948529720306,0.05769142881035805,0.19261690974235535,-0.0017125755548477173,0.5050505050505051,0.6363636363636364,-0.13131313131313127,0.7070707070707071,0.6363636363636364,0.6666666666666666,0.2222222222222222,0.04175009950995445,0.05676767975091934,0.0603780634701252,0.2350616455078125,0.05305512500417794,0.0,-0.001712548826360188
h1_ma_gap_sma50_31,"(-0.0898, 0.251]",-0.0855600000000151,0.2504200000000196,98,0.04179590195417404,0.14866970479488373,0.04247751086950302,0.14651259779930115,-0.0021571069955825806,0.5612244897959183,0.5816326530612245,-0.020408163265306145,0.7959183673469388,0.5816326530612245,0.8070175438596491,0.21951219512195122,0.05452251061797142,0.0340714268386364,0.061553310602903366,0.2043672651052475,0.16603008547694276,0.0,-0.0021571087822013896
h1_ma_gap_sma50_31,"(0.251, 0.655]",0.2508400000000108,0.6477799999999831,98,0.07353802770376205,0.21379424631595612,0.06403215229511261,0.1936284601688385,-0.020165786147117615,0.5102040816326531,0.4897959183673469,0.020408163265306145,0.8775510204081632,0.4897959183673469,0.8958333333333334,0.14,0.07692036032676697,0.0028571418952196836,0.06452374160289764,0.2530050277709961,0.0037426077745630953,0.0,-0.02016578029309
h1_ma_gap_sma50_31,"(0.655, 1.487]",0.6571799999999826,1.486940000000004,99,0.04337115213274956,0.16589392721652985,0.033234626054763794,0.1419273465871811,-0.023966580629348755,0.48484848484848486,0.5252525252525253,-0.04040404040404044,0.8585858585858586,0.5252525252525253,0.8269230769230769,0.10638297872340426,0.07885976135730743,0.0054444423876702785,0.06357970833778381,0.18229320645332336,-0.030549822612246154,0.0,-0.023966556367925322
h1_macd_31,"(-0.32, -0.0309]",-0.3191687643878822,-0.0311376549464341,99,0.059034161269664764,0.19938988983631134,0.05842500925064087,0.1967562735080719,-0.002633616328239441,0.5050505050505051,0.6262626262626263,-0.12121212121212122,0.6767676767676768,0.6262626262626263,0.6451612903225806,0.2702702702702703,0.03665042296051979,0.052636366337537766,0.0625779926776886,0.23744139075279236,0.051007862765429665,0.0,-0.0026336277745701727
h1_macd_31,"(-0.0309, 0.0787]",-0.0303783216248518,0.0785231048229775,98,0.04042430967092514,0.15257255733013153,0.03690433129668236,0.14810623228549957,-0.004466325044631958,0.5204081632653061,0.5408163265306123,-0.020408163265306145,0.8163265306122449,0.5408163265306123,0.8113207547169812,0.17777777777777778,0.05286889523267746,0.004877550061792135,0.05659825727343559,0.19208848476409912,0.09107023552981286,0.0,-0.004466325671849192
h1_macd_31,"(0.0787, 0.167]",0.0789273617843662,0.1650649290237424,98,0.07339593023061752,0.20319868624210358,0.07140570878982544,0.19317376613616943,-0.010024920105934143,0.5612244897959183,0.5510204081632653,0.010204081632653073,0.8877551020408163,0.5510204081632653,0.9074074074074074,0.13636363636363635,0.08106458187103271,0.04501020163297653,0.06099104881286621,0.2645580768585205,0.05004017293529613,0.0,-0.010024915354288353
h1_macd_31,"(0.167, 0.395]",0.1677842931150337,0.3950267411128436,99,0.043454430997371674,0.16745857894420624,0.030718853697180748,0.13666057586669922,-0.03079800307750702,0.47474747474747475,0.5151515151515151,-0.04040404040404039,0.8585858585858586,0.5151515151515151,0.8235294117647058,0.10416666666666667,0.08149397373199463,-0.0032525279093533754,0.06553956866264343,0.17494410276412964,-0.05981223351310717,0.0,-0.03079801791281712
h1_macd_hist_31,"(-0.13, -0.034]",-0.1289947326916036,-0.0340593400036402,99,0.04694002494215965,0.16840150952339172,0.043928541243076324,0.15640656650066376,-0.011994943022727966,0.5151515151515151,0.5959595959595959,-0.08080808080808077,0.797979797979798,0.5959595959595959,0.7627118644067796,0.15,0.057991500943899155,0.027797983959317207,0.05978301540017128,0.2085961252450943,0.04241911895678516,0.0,-0.011994938422558887
h1_macd_hist_31,"(-0.034, 0.00271]",-0.0339954558405295,0.0026445507429352,98,0.04798033460974693,0.1734803020954132,0.04260510206222534,0.16235773265361786,-0.011122569441795349,0.5612244897959183,0.6326530612244898,-0.07142857142857151,0.826530612244898,0.6326530612244898,0.8064516129032258,0.1388888888888889,0.06762691587209702,0.04868367314338684,0.06313077360391617,0.2022387683391571,-0.10712641530881635,0.0,-0.011122557864410378
h1_macd_hist_31,"(0.00271, 0.0376]",0.0027691680911603,0.0364968457120703,98,0.044744666665792465,0.1697649210691452,0.040281228721141815,0.1550225168466568,-0.014742404222488403,0.4387755102040816,0.5102040816326531,-0.07142857142857145,0.7653061224489796,0.5102040816326531,0.7,0.16666666666666666,0.053308822214603424,0.020438773557543755,0.06541422009468079,0.2002776712179184,0.02770540089249211,0.0,-0.014742406465265206
h1_macd_hist_31,"(0.0376, 0.139]",0.0380166672232728,0.1390151217793034,99,0.07643072307109833,0.21084646880626678,0.07038222998380661,0.200668603181839,-0.010177865624427795,0.5454545454545454,0.494949494949495,0.05050505050505044,0.8484848484848485,0.494949494949495,0.8979591836734694,0.2,0.07301934063434601,0.0025454554706811905,0.06731317192316055,0.26525214314460754,0.09592865256265302,0.0,-0.010177870055265494
h1_range_31,"(0.037, 0.161]",0.0379999999999824,0.1610000000000013,100,0.053779974579811096,0.1774972528219223,0.04995504766702652,0.16447794437408447,-0.01301930844783783,0.51,0.5,0.010000000000000009,0.77,0.5,0.78,0.24,0.04536034166812897,0.009029999375343323,0.05336867645382881,0.2235003262758255,0.014274076195282199,0.0,-0.01301932718604803
h1_range_31,"(0.161, 0.23]",0.1620000000000061,0.2299999999999897,97,0.05023536831140518,0.16827960312366486,0.04795064032077789,0.1599428504705429,-0.008336752653121948,0.5154639175257731,0.6185567010309279,-0.10309278350515472,0.7731958762886598,0.6185567010309279,0.7333333333333333,0.16216216216216217,0.06262632459402084,0.045494843274354935,0.06149383634328842,0.2156367301940918,0.012775323184734092,0.0,-0.008336777587603655
h1_range_31,"(0.23, 0.294]",0.2309999999999945,0.2930000000000063,98,0.05196903645992279,0.18030083179473877,0.04774985462427139,0.1730843335390091,-0.007216498255729675,0.5102040816326531,0.6224489795918368,-0.11224489795918369,0.826530612244898,0.6224489795918368,0.7704918032786885,0.08108108108108109,0.058584846556186676,0.05252040550112724,0.0625607967376709,0.21380771696567535,-0.08614948502312149,0.0,-0.007216498481432843
h1_range_31,"(0.294, 1.225]",0.2939999999999827,1.2249999999999943,99,0.060171306133270264,0.1963762640953064,0.051650743931531906,0.17706254124641418,-0.019313722848892212,0.5252525252525253,0.494949494949495,0.03030303030303033,0.8686868686868687,0.494949494949495,0.8979591836734694,0.16,0.08555225282907486,-0.006919194478541613,0.07229799777269363,0.22681665420532227,0.15405327791490173,0.0,-0.01931371260434389
h1_recent_momentum,"(-1.0699999999999998, -0.152]",-1.0689999999999884,-0.1519999999999868,100,0.032729167491197586,0.14239226281642914,0.027229879051446915,0.13086852431297302,-0.011523738503456116,0.58,0.61,-0.030000000000000027,0.89,0.61,0.8852459016393442,0.10256410256410256,0.0844787061214447,0.034599997103214264,0.05789315700531006,0.16275711357593536,-0.02121425544586811,0.0,-0.011523725744336837
h1_recent_momentum,"(-0.152, 0.0435]",-0.1490000000000009,0.0420000000000015,97,0.0752207338809967,0.21524950861930847,0.07136283814907074,0.20154473185539246,-0.013704776763916016,0.5360824742268041,0.5773195876288659,-0.04123711340206182,0.8350515463917526,0.5773195876288659,0.8214285714285714,0.14634146341463414,0.06657276302576065,0.04795875772833824,0.0643896535038948,0.26404088735580444,-0.02972201369583587,0.0,-0.013704793976581435
h1_recent_momentum,"(0.0435, 0.274]",0.0450000000000159,0.2730000000000245,98,0.04282312095165253,0.16443589329719543,0.039140745997428894,0.1557554006576538,-0.008680492639541626,0.45918367346938777,0.5714285714285714,-0.11224489795918363,0.7448979591836735,0.5714285714285714,0.6785714285714286,0.16666666666666666,0.052407898008823395,0.039408162236213684,0.0656818374991417,0.1952332854270935,-0.008733330825729219,0.0,-0.00868048693756667
h1_recent_momentum,"(0.274, 1.183]",0.2749999999999772,1.1829999999999927,99,0.06600768864154816,0.20151954889297485,0.06018839031457901,0.18740390241146088,-0.014115646481513977,0.48484848484848486,0.47474747474747475,0.01010101010101011,0.7676767676767676,0.47474747474747475,0.7659574468085106,0.23076923076923078,0.04828661307692528,-0.022181816399097443,0.06325684487819672,0.2435435950756073,0.07377164684962323,0.0,-0.014115648823931362
h1_rsi_14_31,"(12.73, 43.268]",12.731481481479308,43.26059050064119,99,0.0454440638422966,0.16441158950328827,0.04399433359503746,0.15938250720500946,-0.005029082298278809,0.48484848484848486,0.6464646464646465,-0.16161616161616166,0.7171717171717171,0.6464646464646465,0.65625,0.17142857142857143,0.04223093390464783,0.047969698905944824,0.0580715537071228,0.20578676462173462,0.012943984349301649,0.0,-0.005029083547097714
h1_rsi_14_31,"(43.268, 54.758]",43.29028635597958,54.74108944183013,98,0.0567011721432209,0.19546453654766083,0.057340458035469055,0.19599640369415283,0.0005318671464920044,0.5714285714285714,0.5816326530612245,-0.010204081632653073,0.7653061224489796,0.5816326530612245,0.7894736842105263,0.2682926829268293,0.051964059472084045,0.04632652923464775,0.05910443887114525,0.23627303540706635,0.0948421232472249,0.0,0.0005318507057975835
h1_rsi_14_31,"(54.758, 65.262]",54.77528089887732,65.11885019347699,98,0.04167121276259422,0.1575317531824112,0.03573092445731163,0.14004290103912354,-0.01748885214328766,0.5714285714285714,0.5204081632653061,0.05102040816326525,0.8673469387755102,0.5204081632653061,0.9215686274509803,0.19148936170212766,0.0819605141878128,0.0048673455603420734,0.07041724026203156,0.18900932371616364,0.18615442799249726,0.0,-0.01748885303659706
h1_rsi_14_31,"(65.262, 92.239]",65.30963302752295,92.23897264098213,99,0.0723363384604454,0.20518377423286438,0.06023428216576576,0.17922209203243256,-0.025961682200431824,0.43434343434343436,0.48484848484848486,-0.0505050505050505,0.8888888888888888,0.48484848484848486,0.8333333333333334,0.058823529411764705,0.07592228055000305,0.00012120995961595327,0.0609271340072155,0.24531884491443634,-0.09022422364118864,0.0,-0.02596170751547272
h1_trend_consistency,"(0.483, 0.516]",0.4838709677419355,0.5161290322580645,141,0.05918029323220253,0.18997995555400848,0.053217992186546326,0.17635491490364075,-0.013625040650367737,0.49645390070921985,0.574468085106383,-0.07801418439716318,0.7801418439716312,0.574468085106383,0.7407407407407407,0.16666666666666666,0.062276631593704224,0.03321276605129242,0.06490302830934525,0.2292412370443344,-0.05281573869969899,0.0,-0.013625051619828486
h1_trend_consistency,"(0.516, 0.548]",0.5483870967741935,0.5483870967741935,105,0.043474942445755005,0.16698959469795227,0.03429650142788887,0.15073151886463165,-0.016258075833320618,0.4666666666666667,0.5238095238095238,-0.05714285714285716,0.8666666666666667,0.5238095238095238,0.8181818181818182,0.08,0.07075963914394379,0.02134285680949688,0.06547778844833374,0.18466731905937195,-0.1093139841984339,0.0,-0.01625808025932027
h1_trend_consistency,"(0.548, 0.581]",0.5806451612903226,0.5806451612903226,89,0.04647762328386307,0.16576659679412842,0.04153610020875931,0.15404312312602997,-0.01172347366809845,0.5730337078651685,0.5842696629213483,-0.011235955056179803,0.8089887640449438,0.5842696629213483,0.8269230769230769,0.21621621621621623,0.0645584985613823,0.020157301798462868,0.062220290303230286,0.20340421795845032,0.029175699851237594,0.0,-0.01172347543656491
h1_trend_consistency,"(0.581, 0.645]",0.6129032258064516,0.6451612903225806,59,0.07211790233850479,0.2052418291568756,0.07861091941595078,0.20425449311733246,-0.0009873360395431519,0.559322033898305,0.5423728813559322,0.016949152542372836,0.7796610169491526,0.5423728813559322,0.8125,0.25925925925925924,0.04856444522738457,0.017966100946068764,0.06222844868898392,0.28017714619636536,0.32090508371651943,0.0,-0.0009873648158321947
h1_window_close_position_10bar,"(0.00093, 0.348]",0.0019312988733872,0.3479208052158355,99,0.03906337544322014,0.15124362707138062,0.03909647837281227,0.14872385561466217,-0.002519771456718445,0.6060606060606061,0.6262626262626263,-0.02020202020202022,0.8383838383838383,0.6262626262626263,0.8548387096774194,0.1891891891891892,0.06586817651987076,0.030656561255455017,0.05834778770804405,0.19635549187660217,0.18052095485001357,0.0,-0.0025197669294559234
h1_window_close_position_10bar,"(0.348, 0.576]",0.3496155440807342,0.5746668577194214,98,0.04507938772439957,0.17590460181236267,0.03951748460531235,0.15908823907375336,-0.016816362738609314,0.45918367346938777,0.5918367346938775,-0.13265306122448978,0.8061224489795918,0.5918367346938775,0.7241379310344828,0.075,0.0678999051451683,0.05211224406957626,0.0698918029665947,0.19369573891162872,-0.08964698217542165,0.0,-0.01681637134859148
h1_window_close_position_10bar,"(0.576, 0.815]",0.5767546892166138,0.8140233755111694,98,0.0652654692530632,0.1942208707332611,0.059745948761701584,0.1754940003156662,-0.01872687041759491,0.47959183673469385,0.5306122448979592,-0.05102040816326536,0.7857142857142857,0.5306122448979592,0.75,0.17391304347826086,0.06003182381391525,0.034857142716646194,0.06590170413255692,0.24288247525691986,-0.040507938898957846,0.0,-0.018726882752867376
h1_window_close_position_10bar,"(0.815, 1.0]",0.8157734870910645,1.0,99,0.06686548888683319,0.20139558613300323,0.05900260806083679,0.19132310152053833,-0.010072484612464905,0.5151515151515151,0.48484848484848486,0.030303030303030276,0.8080808080808081,0.48484848484848486,0.8333333333333334,0.21568627450980393,0.05821735039353371,-0.017979800701141357,0.06263387203216553,0.24157530069351196,0.04038586854783301,0.0,-0.01007251227933048
h1_window_close_position_full,"(0.00093, 0.413]",0.0019312988733872,0.4115050435066223,99,0.05338956043124199,0.18451105058193207,0.05169089511036873,0.1803138554096222,-0.0041971951723098755,0.5050505050505051,0.6464646464646465,-0.14141414141414144,0.7373737373737373,0.6464646464646465,0.6875,0.17142857142857143,0.04463727027177811,0.06149494647979736,0.05888454243540764,0.2208264172077179,-0.03359442182450917,0.0,-0.00419717235725862
h1_window_close_position_full,"(0.413, 0.672]",0.4165712594985962,0.6701948642730713,98,0.04485728219151497,0.16715849936008453,0.04387655109167099,0.1636938899755478,-0.003464609384536743,0.5,0.5102040816326531,-0.010204081632653073,0.7653061224489796,0.5102040816326531,0.76,0.22916666666666666,0.054323289543390274,-0.000816327054053545,0.06786727905273438,0.20930622518062592,0.2322468060380803,0.0,-0.0034646300446926214
h1_window_close_position_full,"(0.672, 0.817]",0.6728165149688721,0.8168143033981323,98,0.05830885469913483,0.17894726991653442,0.05262855440378189,0.15970468521118164,-0.019242584705352783,0.5816326530612245,0.6122448979591837,-0.030612244897959218,0.9081632653061225,0.6122448979591837,0.9,0.07894736842105263,0.08738076686859131,0.06017346680164337,0.06415989995002747,0.223255917429924,-0.12597388373263288,0.0,-0.019242598751217733
h1_window_close_position_full,"(0.817, 1.0]",0.817257285118103,1.0,99,0.05964552238583565,0.19190524518489838,0.04913867637515068,0.17080378532409668,-0.021101459860801697,0.47474747474747475,0.46464646464646464,0.01010101010101011,0.8282828282828283,0.46464646464646464,0.8260869565217391,0.16981132075471697,0.0658150389790535,-0.021484846249222755,0.05844605341553688,0.21978287398815155,-0.011825110499031732,0.0,-0.02110147533580812
h1_window_close_slope_10bar,"(-1.335, -0.184]",-1.334014892578125,-0.18499755859375,99,0.046419963240623474,0.16958379745483398,0.044361356645822525,0.1614350825548172,-0.008148714900016785,0.494949494949495,0.6464646464646465,-0.15151515151515155,0.7676767676767676,0.6464646464646465,0.703125,0.11428571428571428,0.051134321838617325,0.048818182200193405,0.061061665415763855,0.20650820434093475,-0.0016028050792428964,0.0,-0.008148710711417024
h1_window_close_slope_10bar,"(-0.184, 0.11]",-0.1820068359375,0.1090087890625,98,0.045522578060626984,0.1724793165922165,0.04103032499551773,0.16140636801719666,-0.011072948575019836,0.5,0.5510204081632653,-0.05102040816326525,0.8061224489795918,0.5510204081632653,0.7777777777777778,0.1590909090909091,0.0615784116089344,0.02854081802070141,0.060239747166633606,0.20145289599895477,-0.009022921092916966,0.0,-0.011072957413081
h1_window_close_slope_10bar,"(0.11, 0.407]",0.1110076904296875,0.406005859375,98,0.06073731929063797,0.18664762377738953,0.05401545763015747,0.1672142893075943,-0.019433334469795227,0.5,0.5102040816326531,-0.010204081632653073,0.8061224489795918,0.5102040816326531,0.8,0.1875,0.06003807857632637,0.025173470377922058,0.06565794348716736,0.23173141479492188,-0.049666910799080255,0.0,-0.01943335307724013
h1_window_close_slope_10bar,"(0.407, 1.502]",0.4069976806640625,1.5019989013671875,99,0.0635526031255722,0.1939428448677063,0.05791279673576355,0.18451321125030518,-0.009429633617401123,0.5656565656565656,0.5252525252525253,0.04040404040404033,0.8585858585858586,0.5252525252525253,0.9038461538461539,0.19148936170212766,0.07920264452695847,-0.0032222226727753878,0.0672578513622284,0.24041637778282166,0.1720759339296523,0.0,-0.009429633890212787
h1_window_close_slope_5bar,"(-1.0699999999999998, -0.152]",-1.069000244140625,-0.152008056640625,99,0.03268769383430481,0.14189192652702332,0.02750481106340885,0.1321561187505722,-0.00973580777645111,0.5757575757575758,0.6060606060606061,-0.030303030303030276,0.8888888888888888,0.6060606060606061,0.8833333333333333,0.10256410256410256,0.08335299789905548,0.03490908816456795,0.057085469365119934,0.1635478436946869,-0.017899814212551563,0.0,-0.009735817644707477
h1_window_close_slope_5bar,"(-0.152, 0.0435]",-0.1519927978515625,0.0420074462890625,98,0.07482903450727463,0.21501149237155914,0.07063476741313934,0.19952282309532166,-0.015488669276237488,0.5408163265306123,0.5816326530612245,-0.04081632653061218,0.8367346938775511,0.5816326530612245,0.8245614035087719,0.14634146341463414,0.06789267063140869,0.04751019924879074,0.06536597013473511,0.26272740960121155,-0.032468287358802736,0.0,-0.015488690238122885
h1_window_close_slope_5bar,"(0.0435, 0.275]",0.0449981689453125,0.27301025390625,98,0.04282312095165253,0.16443589329719543,0.039140745997428894,0.1557554006576538,-0.008680492639541626,0.45918367346938777,0.5714285714285714,-0.11224489795918363,0.7448979591836735,0.5714285714285714,0.6785714285714286,0.16666666666666666,0.052407898008823395,0.039408162236213684,0.0656818374991417,0.1952332854270935,-0.008733330825729219,0.0,-0.00868048693756667
h1_window_close_slope_5bar,"(0.275, 1.183]",0.2750091552734375,1.1829986572265625,99,0.06600768864154816,0.20151954889297485,0.06018839031457901,0.18740390241146088,-0.014115646481513977,0.48484848484848486,0.47474747474747475,0.01010101010101011,0.7676767676767676,0.47474747474747475,0.7659574468085106,0.23076923076923078,0.04828661307692528,-0.022181816399097443,0.06325684487819672,0.2435435950756073,0.07377164684962323,0.0,-0.014115648823931362
h1_window_range_mean,"(0.175, 0.225]",0.1764374673366546,0.2249374836683273,99,0.0480814129114151,0.17549635469913483,0.04422934725880623,0.1684202402830124,-0.0070761144161224365,0.4444444444444444,0.5151515151515151,-0.07070707070707072,0.6868686868686869,0.5151515151515151,0.6274509803921569,0.25,0.021228406578302383,0.024858584627509117,0.04674331098794937,0.20958159863948822,-0.09997689057451874,0.0,-0.007076122101885497
h1_window_range_mean,"(0.225, 0.245]",0.2250624895095825,0.2448437362909317,98,0.05237244442105293,0.16996026039123535,0.053610946983098984,0.16677610576152802,-0.0031841546297073364,0.5612244897959183,0.6224489795918368,-0.061224489795918435,0.8367346938775511,0.6224489795918368,0.819672131147541,0.13513513513513514,0.0711163580417633,0.05734694376587868,0.060077641159296036,0.22608838975429535,0.09358997793096863,0.0,-0.0031841656535255645
h1_window_range_mean,"(0.245, 0.261]",0.245093747973442,0.2603437304496765,98,0.05028963088989258,0.17085157334804535,0.039216458797454834,0.14603900909423828,-0.024812564253807068,0.5408163265306123,0.5510204081632653,-0.010204081632652962,0.9081632653061225,0.5510204081632653,0.9074074074074074,0.09090909090909091,0.08754505217075348,-0.00017347035463899374,0.06286121159791946,0.19788669049739838,0.020723961042723633,0.0,-0.0248125643298334
h1_window_range_mean,"(0.261, 0.413]",0.2607812583446502,0.4130625426769256,99,0.06545263528823853,0.20616038143634796,0.060240764170885086,0.19317394495010376,-0.012986436486244202,0.5151515151515151,0.5454545454545454,-0.030303030303030276,0.8080808080808081,0.5454545454545454,0.7962962962962963,0.17777777777777778,0.0724378228187561,0.01731313206255436,0.06603634357452393,0.24523957073688507,0.06450661235081116,0.0,-0.012986453708656354
h1_window_range_ratio_10bar,"(0.216, 0.705]",0.2170188426971435,0.7048680782318115,99,0.05718968063592911,0.18405182659626007,0.0481104850769043,0.16278773546218872,-0.02126409113407135,0.45454545454545453,0.494949494949495,-0.04040404040404044,0.7373737373737373,0.494949494949495,0.6938775510204082,0.22,0.05116643011569977,0.002292926423251629,0.0621393620967865,0.2192816287279129,-0.1047749053551015,0.0,-0.021264083935135996
h1_window_range_ratio_10bar,"(0.705, 0.939]",0.7055960893630981,0.9387040734291076,98,0.04781555011868477,0.16856420040130615,0.04529481381177902,0.15850059688091278,-0.010063603520393372,0.5306122448979592,0.6122448979591837,-0.08163265306122447,0.8367346938775511,0.6122448979591837,0.8,0.10526315789473684,0.06970773637294769,0.05033674091100693,0.05999407917261124,0.20844905078411102,-0.01559388644946803,0.0,-0.010063587839962267
h1_window_range_ratio_10bar,"(0.939, 1.226]",0.9389671683311462,1.2251269817352295,98,0.04645870625972748,0.16460001468658447,0.045972272753715515,0.16405974328517914,-0.0005402714014053345,0.5510204081632653,0.6020408163265306,-0.05102040816326536,0.8061224489795918,0.6020408163265306,0.7966101694915254,0.1794871794871795,0.06315365433692932,0.05119387432932854,0.06356333941221237,0.2098907232284546,0.06666269454319089,0.0,-0.0005402968512201729
h1_window_range_ratio_10bar,"(1.226, 3.896]",1.2266185283660889,3.896310329437256,99,0.06464746594429016,0.20517534017562866,0.0579041950404644,0.18915970623493195,-0.016015633940696716,0.5252525252525253,0.5252525252525253,0.0,0.8585858585858586,0.5252525252525253,0.8653846153846154,0.14893617021276595,0.06803923100233078,-0.004030304960906506,0.06994306296110153,0.24036139249801636,0.09553501614705955,0.0,-0.0160156518616008
h1_window_range_ratio_5bar,"(0.283, 0.716]",0.2840059697628021,0.7160493731498718,99,0.06273504346609116,0.18584980070590973,0.06167633458971977,0.1821255385875702,-0.0037242621183395386,0.5252525252525253,0.5555555555555556,-0.030303030303030276,0.7676767676767676,0.5555555555555556,0.7636363636363637,0.22727272727272727,0.05540098249912262,0.044757574796676636,0.0625450611114502,0.2455209344625473,0.05114075743235264,0.0,-0.0037243029177941468
h1_window_range_ratio_5bar,"(0.716, 0.923]",0.7162662148475647,0.921052634716034,98,0.03776064142584801,0.15533116459846497,0.02678561769425869,0.12918397784233093,-0.026147186756134033,0.45918367346938777,0.5816326530612245,-0.1224489795918367,0.8163265306122449,0.5816326530612245,0.7368421052631579,0.07317073170731707,0.06637480109930038,0.010428572073578835,0.06342996656894684,0.16363506019115448,-0.1845425304565705,0.0,-0.02614719329202281
h1_window_range_ratio_5bar,"(0.923, 1.238]",0.9249011874198914,1.223976969718933,98,0.04822841286659241,0.1677853763103485,0.04614034295082092,0.16093727946281433,-0.00684809684753418,0.5918367346938775,0.6020408163265306,-0.010204081632653073,0.8469387755102041,0.6020408163265306,0.864406779661017,0.1794871794871795,0.06855855882167816,0.04817347228527069,0.062176838517189026,0.21089720726013184,0.020236711082194304,0.0,-0.006848119636427375
h1_window_range_ratio_5bar,"(1.238, 2.94]",1.2429111003875732,2.9404702186584477,99,0.0673035979270935,0.21332350373268127,0.062494195997714996,0.20193330943584442,-0.011390194296836853,0.48484848484848486,0.494949494949495,-0.01010101010101011,0.8080808080808081,0.494949494949495,0.7959183673469388,0.18,0.06175363063812256,-0.0040000006556510925,0.06857892870903015,0.24972845613956451,0.11932980138352331,0.0,-0.011390180684475585
h1_window_range_std,"(0.061700000000000005, 0.0926]",0.062695063650608,0.0924371257424354,99,0.04439983144402504,0.17813706398010254,0.034004583954811096,0.14933080971240997,-0.028806254267692566,0.45454545454545453,0.42424242424242425,0.030303030303030276,0.9292929292929293,0.42424242424242425,0.9523809523809523,0.08771929824561403,0.07119414955377579,-0.02781817875802517,0.057420581579208374,0.18100959062576294,0.0704854888020937,0.0,-0.028806239883932803
h1_window_range_std,"(0.0926, 0.105]",0.0929217040538787,0.1044694185256958,98,0.0643225610256195,0.17962181568145752,0.06588253378868103,0.18280521035194397,0.00318339467048645,0.6224489795918368,0.6938775510204082,-0.0714285714285714,0.826530612244898,0.6938775510204082,0.8235294117647058,0.16666666666666666,0.07136270403862,0.10071428120136261,0.06439197808504105,0.2391117513179779,-0.06950405862752783,0.0,0.003183402957356705
h1_window_range_std,"(0.105, 0.124]",0.1045390591025352,0.1240872666239738,98,0.037599142640829086,0.1568996161222458,0.03010128252208233,0.13950030505657196,-0.017399311065673828,0.4897959183673469,0.5816326530612245,-0.09183673469387754,0.7448979591836735,0.5816326530612245,0.7017543859649122,0.1951219512195122,0.055800456553697586,0.024642858654260635,0.06692519038915634,0.1726379543542862,-0.10150313620826638,0.0,-0.017399320378899567
h1_window_range_std,"(0.124, 0.294]",0.1240907236933708,0.2940484583377838,99,0.0698671042919159,0.20776678621768951,0.06734100729227066,0.20286883413791656,-0.004897952079772949,0.494949494949495,0.5353535353535354,-0.04040404040404039,0.7373737373737373,0.5353535353535354,0.7169811320754716,0.2391304347826087,0.05365218594670296,0.002494949847459793,0.06644825637340546,0.259455144405365,0.12999454813601885,0.0,-0.004897948361538119
h1_window_return_std,"(-0.000289, 0.000874]",0.0007107781129889,0.0008740889606997,99,0.03868098556995392,0.16278359293937683,0.035365257412195206,0.15510916709899902,-0.007674425840377808,0.46464646464646464,0.5151515151515151,-0.0505050505050505,0.7676767676767676,0.5151515151515151,0.7254901960784313,0.1875,0.040388792753219604,8.080719271674752e-05,0.055430807173252106,0.1879141479730606,0.06374939165223828,0.0,-0.007674418267502321
h1_window_return_std,"(0.000874, 0.000979]",0.0008748841937631,0.0009788575116544,98,0.05303578078746796,0.17939330637454987,0.04087391123175621,0.15220408141613007,-0.0271892249584198,0.47959183673469385,0.5102040816326531,-0.030612244897959218,0.826530612244898,0.5102040816326531,0.8,0.14583333333333334,0.07452664524316788,0.021346939727663994,0.06321671605110168,0.20169112086296082,-0.21693838081673986,0.0,-0.027189223646965566
h1_window_return_std,"(0.000979, 0.00114]",0.0009792868513613,0.0011436183704063,98,0.06052103266119957,0.1777184158563614,0.06119374930858612,0.1729171723127365,-0.004801243543624878,0.6326530612244898,0.673469387755102,-0.04081632653061218,0.8979591836734694,0.673469387755102,0.8939393939393939,0.09375,0.0781308263540268,0.06221429258584976,0.06295756995677948,0.24122358858585358,0.06205306167063798,0.0,-0.004801261542859119
h1_window_return_std,"(0.00114, 0.00164]",0.0011442976538091,0.0016361250309273,99,0.06406837701797485,0.2027379274368286,0.059957947582006454,0.19430316984653473,-0.008434757590293884,0.48484848484848486,0.5353535353535354,-0.0505050505050505,0.7474747474747475,0.5353535353535354,0.7169811320754716,0.21739130434782608,0.05922074243426323,0.015969697386026382,0.06848256289958954,0.24471300840377808,0.07090683732381983,0.0,-0.008434743298255281
h1_window_up_ratio,"(0.386, 0.484]",0.3870967626571655,0.4838709533214569,122,0.04532746225595474,0.16594623029232025,0.036519359797239304,0.15387897193431854,-0.012067258358001709,0.5327868852459017,0.5573770491803278,-0.024590163934426146,0.8934426229508197,0.5573770491803278,0.8823529411764706,0.09259259259259259,0.07605226337909698,0.01768852211534977,0.06119958311319351,0.19082306325435638,-0.0754521385194321,0.0,-0.012067249775711504
h1_window_up_ratio,"(0.484, 0.516]",0.5161290168762207,0.5161290168762207,81,0.06181878224015236,0.19627030193805695,0.059634674340486526,0.18103502690792084,-0.015235275030136108,0.48148148148148145,0.6049382716049383,-0.12345679012345684,0.7530864197530864,0.6049382716049383,0.6938775510204082,0.15625,0.057285092771053314,0.05595061928033829,0.06527771055698395,0.2393266260623932,-0.008916022728298037,0.0,-0.015235259312630436
h1_window_up_ratio,"(0.516, 0.581]",0.5483871102333069,0.5806451439857483,134,0.04917946457862854,0.17395953834056854,0.04232795909047127,0.16016285121440887,-0.013796687126159668,0.5074626865671642,0.5447761194029851,-0.03731343283582089,0.7835820895522388,0.5447761194029851,0.7671232876712328,0.19672131147540983,0.06096570938825607,0.01894776150584221,0.06558244675397873,0.2054131031036377,-0.034085212879616376,0.0,-0.013796659784196912
h1_window_up_ratio,"(0.581, 0.645]",0.6129032373428345,0.6451612710952759,57,0.07321813702583313,0.2057836949825287,0.0786299929022789,0.2027159333229065,-0.0030677616596221924,0.543859649122807,0.5263157894736842,0.01754385964912286,0.7719298245614035,0.5263157894736842,0.8,0.25925925925925924,0.047963179647922516,0.009631583467125893,0.0622306689620018,0.2804014980792999,0.3079970908422674,0.0,-0.0030677483433432743
